lastUpdated,title,url
" This page was last edited on 7 March 2024, at 23:59",,https://en.wikipedia.org/wiki/Main_Page
" This page was last edited on 1 April 2024, at 12:41",,https://en.wikipedia.org/wiki/Exeter
" This page was last edited on 1 April 2024, at 03:31",,https://en.wikipedia.org/wiki/Devon
" This page was last edited on 21 March 2024, at 15:09",,https://en.wikipedia.org/wiki/Encyclopedia
" This page was last edited on 19 October 2023, at 15:14",,https://en.wikipedia.org/wiki/Religious_order
" This page was last edited on 8 March 2024, at 09:29",,https://en.wikipedia.org/wiki/Extortion
" This page was last edited on 7 February 2024, at 12:13",,https://en.wikipedia.org/wiki/Bishop_of_Exeter
" This page was last edited on 29 March 2024, at 03:48",,https://en.wikipedia.org/wiki/Wikipedia
" This page was last edited on 22 February 2024, at 00:28",,https://en.wikipedia.org/wiki/Abbot
" This page was last edited on 1 April 2024, at 12:00",,https://en.wikipedia.org/wiki/Religion_in_Medieval_England
" This page was last edited on 1 April 2024, at 15:48",,https://en.wikipedia.org/wiki/Order_of_Brothelyngham
" This page was last edited on 30 March 2024, at 03:52",,https://en.wikipedia.org/wiki/English_language
" This page was last edited on 7 January 2024, at 18:17",,https://en.wikipedia.org/wiki/Gilbertine_Order
" This page was last edited on 1 April 2024, at 10:43",,https://en.wikipedia.org/wiki/Enclosed_religious_orders
" This page was last edited on 1 April 2024, at 10:11",,https://en.wikipedia.org/wiki/Jean_Reutlinger
" This page was last edited on 1 April 2024, at 15:15",,https://en.wikipedia.org/wiki/Magdeleine_Go%C3%BCin
" This page was last edited on 20 March 2024, at 23:39",,https://en.wikipedia.org/wiki/Wikimedia_Foundation
" This page was last edited on 20 March 2024, at 22:44",,https://en.wikipedia.org/wiki/Free_content
" This page was last edited on 1 April 2024, at 08:49",,https://en.wikipedia.org/wiki/Satire
